sku,main_category
PROTEIN_045_ZW_T12,Bars
DISPLAY_008,Display
PROTEIN_023_ZW_T12,Bars
DISPLAY_011,Display
MUS_005_B2,Nutbutter & Spreads
DISPLAY_028,Display
DISPLAY_034,Display
DISPLAY_039,Display
DISPLAY_042,None
PROTEIN_051_ZW_T12,Bars
GIFT_VOUCHER,Other
KAFFEE_023,Breakfast
KOKOS_010_T4,Other
SUN30_001,Other
ABO_069,Baking & Cooking
CUT_002,Other
ZUCKER_017,Baking & Cooking
PULVER_014,Dried Fruits & Nuts
ABO_070,Baking & Cooking
KUBB_001,Other
BIWA_001,Other
KUERBIS_003_ZW,Dried Fruits & Nuts
ERDNUSS_003_ZW,Dried Fruits & Nuts
HIM_012_ZW,Snacks
MEHL_014_ZW,Baking & Cooking
PROTEIN_010_ZW,Breakfast
MUS_006_ZW,Nutbutter & Spreads
DECKEL_005,Other
DECKEL_006,Other
DECKEL_008,Other
DECKEL_010,Other
DECKEL_007,Other
DECKEL_009,Other
DECKEL_008_T6,Other
DECKEL_009_T3,Other
DECKEL_010_T6,Other
REIBE_001,Other
REIBE_002,Other
DECKEL_005_T6,Other
DECKEL_006_T3,Other
KANNE_001,Other
BRETT_002,Other
KOCHER_006,Other
ABO_075,Snacks
EMEHL_001,Baking & Cooking
RIEGEL_053_AKTION,Bars
KOKOS_045,Baking & Cooking
ERDSCHA_003_ZW,Snacks
NUSS_001_ZW,Snacks
KICH_002_ZW,Snacks
LIK_001,Other
SJUICER_003,Other
SJUICER_004,Other
SJUICER_005,Other
SJUICER_006,Other
SJUICER_007,Other
ADV_22_C,Other
ADV_22_V,Other
ADV_22_N,Other
ADV_22_F,Other
ADV_22_E,Other
FLIPS_013,Snacks
MESSER_001,Other
SCHERE_001,Other
MUS_114_ZW,Nutbutter & Spreads
RIEGEL_013_ZW,Bars
BROKER_005,None
BROKER_006,None
ABO_076,None
FORM_004,Other
DRINK_013_ZW,Baking & Cooking
DISPLAY_006,None
NEM_016,Protein Superfood & Supplements
CRIS_008_B2,None
SJUICER_008,None
RABO_052,None
BOWL_001_ZW,Other
BEREITER_019,None
MIXER_012,None
MIXER_013,None
KICH_001_ZW,Snacks
DISPLAY_007,None
DOSE_004,Other
DOSE_005,Other
DOSE_003_T6,Other
DOSE_004_T6,Other
DOSE_005_T6,Other
ZIMT_003,Baking & Cooking
DOSE_006,Other
ABO_079,Baking & Cooking
ABO_080,None
ABO_081,None
ABO_083,None
ABO_082,Baking & Cooking
ABO_084,None
CREME_022,Nutbutter & Spreads
CREME_022_T6,Nutbutter & Spreads
ABO_086,None
ABO_087,None
ABO_088,None
DISPLAY_048,Display
XMAS_001,None
XMAS_002,None
XMAS_003,None
ABO_089,Dried Fruits & Nuts
NEM_020,Protein Superfood & Supplements
NEM_025,Protein Superfood & Supplements
ABO_090,None
ABO_092,Protein Superfood & Supplements
IT_BOHNE_005,Snacks
ABO_091,Breakfast
GRANOLA_005_AKTION,None
UBOX_001,Other
FORM_008,Other
ABO_093,Protein Superfood & Supplements
FRYER_001,Other
ABO_095,Dried Fruits & Nuts
DISPLAY_009,None
SUESS_001,Baking & Cooking
PFANNE_001,Other
PERLEN_002,None
RABO_053,Other
RABO_054,Other
FORM_009,Other
NEM_021,Protein Superfood & Supplements
NEM_022,Protein Superfood & Supplements
NEM_023,Protein Superfood & Supplements
NEM_024,Protein Superfood & Supplements
NEM_024_T50,Protein Superfood & Supplements
DOSE_003,Other
IT_ZUCKER_001,None
ABO_098,Baking & Cooking
ABO_099,Snacks
NL_MUS_004,Nutbutter & Spreads
NL_MUS_051,Nutbutter & Spreads
NL_AUFSTR_005,Nutbutter & Spreads
NL_AUFSTR_001,Nutbutter & Spreads
NL_AUFSTR_003,Nutbutter & Spreads
NL_MUS_004_T6,Nutbutter & Spreads
NL_MUS_051_T6,Nutbutter & Spreads
NL_AUFSTR_005_T12,Nutbutter & Spreads
NL_AUFSTR_001_T12,Nutbutter & Spreads
NL_AUFSTR_003_T12,Nutbutter & Spreads
NUDMA_006,None
NUDMA_007,None
BEREITER_020,Other
BEREITER_021,Other
ZUCKER_017_ZW,Baking & Cooking
PROTEIN_023_ZW,Bars
PROTEIN_045_ZW,Bars
GEWUERZ_035,Baking & Cooking
NL_MUS_053,Dried Fruits & Nuts
NL_MUS_053_T6,Dried Fruits & Nuts
DATT_037_ZW,Other
EY_BLISS_005,Snacks
CASTOS_002_ADV_23_C,Snacks
PEKAN_012_ADV_23_C,Dried Fruits & Nuts
CASHEW_004_ADV_23_C,Snacks
TEE_010_ADV_23_C,Breakfast
BACKMI_003_ADV_23_C,Baking & Cooking
PORRIDGE_003_ADV_23,Breakfast
WORMS_002_ADV_23_C,Snacks
KAMUT_001_ADV_23_C,Baking & Cooking
CEREAL_002_ADV_23_C,Breakfast
CINI_001_ADV_23_C,Breakfast
REIS_009_ADV_23_C,Baking & Cooking
PUFF_011_ADV_23_C,Dried Fruits & Nuts
BASIS_001_ADV_23_V,Breakfast
CEREAL_001_ADV_23_V,Breakfast
SHELL_001_ADV_23_V,Snacks
REIS_011_ADV_23_V,Baking & Cooking
KOKOS_034_ADV_23_V,Breakfast
BEERE_001_ADV_23_V,Dried Fruits & Nuts
HEID_011_ADV_23_V,Snacks
APFELCH_004_ADV_23_V,Dried Fruits & Nuts
PISTAZ_008_ADV_23_V,Snacks
CASOLI_001_ADV_23_V,Snacks
NUMIX_008_ADV_23_V,Snacks
FRUCHT_003_ADV_23_V,Snacks
PROB_002_ADV_23_V,Protein Superfood & Supplements
DK_SAUCE_005,Baking & Cooking
DK_SAUCE_005_T6,Baking & Cooking
DK_WURST_002,Baking & Cooking
DK_WURST_002_T12,Baking & Cooking
DK_BURGER_005,Baking & Cooking
DK_BURGER_005_T12,Baking & Cooking
DK_BURGER_006,Baking & Cooking
DK_BURGER_006_T12,Baking & Cooking
LUPI_006,Breakfast
GEWUERZ_035_ADV_23_V,Baking & Cooking
GEWUERZ_034_ADV_23_C,Baking & Cooking
NL_AUFSTR_036,Nutbutter & Spreads
NL_AUFSTR_036_T12,Nutbutter & Spreads
NL_AUFSTR_034,Nutbutter & Spreads
NL_AUFSTR_034_T12,Nutbutter & Spreads
MAC_MUS_059,Nutbutter & Spreads
MAC_MUS_059_T6,Nutbutter & Spreads
CREME_023,Nutbutter & Spreads
DK_AUFSTR_039,Nutbutter & Spreads
DK_AUFSTR_039_T6,Nutbutter & Spreads
DK_AUFSTR_040,Nutbutter & Spreads
DK_AUFSTR_040_T6,Nutbutter & Spreads
BEREITER_022,None
CREME_023_T6,Nutbutter & Spreads
CREME_017_ADV_23_C,Nutbutter & Spreads
DISPLAY_049,None
DISPLAY_012,Display
DISPLAY_013,None
HEID_003_ZW,Dried Fruits & Nuts
DISPLAY_014,None
TRUFFEL_001,Baking & Cooking
TRUFFEL_001_T12,Baking & Cooking
DISPLAY_015,None
MUS_062_ZW,Nutbutter & Spreads
MUS_073_ZW,Nutbutter & Spreads
HIM_006_ZW,Dried Fruits & Nuts
AUFSTR_043,Nutbutter & Spreads
AUFSTR_043_T12,Nutbutter & Spreads
CREME_028,Nutbutter & Spreads
CREME_028_T6,Nutbutter & Spreads
KRAUT_006,Baking & Cooking
KRAUT_007,Baking & Cooking
SAAT_001_ZW,Baking & Cooking
DISPLAY_022,None
DISPLAY_021,None
DISPLAY_020,None
DISPLAY_019,None
DISPLAY_018,None
DISPLAY_017,None
DISPLAY_016,None
FR_MUS_011,Nutbutter & Spreads
FR_MUS_011_T6,Nutbutter & Spreads
FR_MUS_073,Nutbutter & Spreads
FR_MUS_073_T6,Nutbutter & Spreads
FR_CREME_017,Nutbutter & Spreads
FR_CREME_017_T6,Nutbutter & Spreads
FR_MUS_095,Nutbutter & Spreads
FR_MUS_095_T12,Nutbutter & Spreads
FR_AUFSTR_017,Nutbutter & Spreads
FR_AUFSTR_017_T12,Nutbutter & Spreads
FR_AUFSTR_018,Nutbutter & Spreads
FR_AUFSTR_020,None
FR_AUFSTR_019,Nutbutter & Spreads
FR_AUFSTR_018_T12,Nutbutter & Spreads
FR_AUFSTR_020_T12,None
FR_AUFSTR_019_T12,Nutbutter & Spreads
FR_TOFU_004,Baking & Cooking
FR_TOFU_005,Baking & Cooking
FR_TOFU_007,None
FR_TOFU_003,None
FR_TOFU_012,None
FR_TOFU_004_T6,Baking & Cooking
FR_TOFU_005_T6,Baking & Cooking
FR_TOFU_007_T6,None
FR_TOFU_003_T6,None
FR_TOFU_012_T6,None
ERMA_001_B2,None
BOHNE_029_B2,None
SAFT_025_B2,None
SNACK_003_B2,None
LEHA_001_B2,None
DISPLAY_023,None
CAP_001,Protein Superfood & Supplements
CAP_002,Protein Superfood & Supplements
CAP_003,Protein Superfood & Supplements
CAP_004,Protein Superfood & Supplements
CAP_005,Protein Superfood & Supplements
CAP_006,Protein Superfood & Supplements
CAP_007,Protein Superfood & Supplements
CAP_008,Protein Superfood & Supplements
DISPLAY_024,None
OEL_041,Baking & Cooking
OEL_041_T12,Baking & Cooking
GLAS_038,None
DISPLAY_025,None
SAUERK_009,Baking & Cooking
SAUERK_009_T6,Baking & Cooking
BROTM_002,Other
BROTM_003,Other
BROTM_004,Other
BROTM_005,Other
BROTM_006,Other
BUN_001,Nutbutter & Spreads
BUN_002,Nutbutter & Spreads
NEM_016_ZW,Protein Superfood & Supplements
KORO_013,Other
KORO_014,None
GESCHIRR_001,Other
GESCHIRR_002,Other
GESCHIRR_003,Other
GESCHIRR_004,Other
GESCHIRR_005,Other
GESCHIRR_006,Other
GESCHIRR_007,Other
GESCHIRR_008,Other
GESCHIRR_009,Other
GESCHIRR_010,Other
GESCHIRR_001_T6,Other
GESCHIRR_002_T6,Other
GESCHIRR_003_T6,Other
GESCHIRR_004_T6,Other
GESCHIRR_005_T6,Other
GESCHIRR_006_T6,Other
GESCHIRR_007_T6,Other
GESCHIRR_008_T6,Other
GESCHIRR_009_T6,Other
GESCHIRR_010_T6,Other
WILD_002,Dried Fruits & Nuts
MUCR_001_B2,None
ERKA_001_B2,None
MUS_005_M2,Nutbutter & Spreads
CAP_009,Protein Superfood & Supplements
DISPLAY_027,None
WILD_002_T10,Dried Fruits & Nuts
DISPLAY_052,Display
FL_RIEGEL_049,Bars
KORO_015,Other
BUN_003,None
BUN_004,Dried Fruits & Nuts
BUN_005,Dried Fruits & Nuts
NL_MUS_021_ZW,Nutbutter & Spreads
NL_MUS_021_ZW_T6,Nutbutter & Spreads
CRIS_013,Breakfast
ADV_24_C,Other
ADV_24_V,Other
DISPLAY_029,None
GESCHIRR_011_B5,Other
GESCHIRR_012_B5,None
RUEG_006_B4,None
CREME_029,Nutbutter & Spreads
DISPLAY_030,None
DISPLAY_031,None
DISPLAY_033,Display
DISPLAY_050,Display
DISPLAY_035,Display
DISPLAY_036,Display
DISPLAY_037,Display
DISPLAY_038,None
DISPLAY_040,Display
BUNDLE_009,Other
NL_MUS_135,Nutbutter & Spreads
NL_MUS_135_T6,Nutbutter & Spreads
DISPLAY_051,None
VA_MAND_001,None
DISPLAY_055,None
CUPS_017_ZW,Snacks
BUNDLE_010,Other
GREENS_002,Protein Superfood & Supplements
NL_CUPS_014,Snacks
NL_CUPS_016,Snacks
NL_BLISS_021,Snacks
NL_CUPS_014_T12,Snacks
NL_CUPS_016_T12,Snacks
NL_BLISS_021_T14,Snacks
CAP_010,Protein Superfood & Supplements
OY_STOPPER_001,Other
LINSW_001,None
LINSW_001_T12,None
DISPLAY_045,Display
DISPLAY_046,Display
DISPLAY_047,Display
CAP_012,Protein Superfood & Supplements
OY_DISPLAY_001,None
FRUBITES_001,None
FRUBITES_002,Protein Superfood & Supplements
DISPLAY_057,Display
CAP_011,Protein Superfood & Supplements
DISPLAY_058,Display
DISPLAY_059,None
DISPLAY_060,Display
DISPLAY_061,Other
DISPLAY_063,None
BRK_001,Other
FRUBITES_003,Protein Superfood & Supplements
DISPLAY_065,Display
DISPLAY_066,None
DISPLAY_067,Display
DISPLAY_056,Other
DISPLAY_068,None
DISPLAY_069,None
DISPLAY_070,None
DISPLAY_071,None
DISPLAY_072,None
NL_FLAP_001,None
NL_FLAP_001_T15,None
NL_FLAP_004,None
NL_FLAP_004_T15,None
BXMAS_001,None
BXMAS_002,None
BXMAS_003,None
BXMAS_004,None
COLLA_001,None
NL_MUS_005_ZW,Nutbutter & Spreads
DISPLAY_073,None
DISPLAY_074,None
DISPLAY_075,None
NL_MUS_006_ZW,Nutbutter & Spreads
DISPLAY_076,Display
BUN_007,Baking & Cooking
DISPLAY_077,None
DISPLAY_078,None
DISPLAY_079,None
DISPLAY_080,None
DISPLAY_081,Display
DISPLAY_082,Display
DISPLAY_083,None
DISPLAY_084,None
DISPLAY_085,None
DISPLAY_086,None
DISPLAY_087,None
BUCH_009,None
DISPLAY_088,None
DISPLAY_089,None
DISPLAY_090,None
ERBSE_001_M2,Baking & Cooking
DISPLAY_091,None
MUS_004_M2,Nutbutter & Spreads
AHORN_001_M2,Baking & Cooking
CREME_017_M2,Nutbutter & Spreads
OEL_012_M2,Baking & Cooking
DISPLAY_092,None
DISPLAY_093,None
SNACK_004_B6,None
SPROSS_003_T24,Baking & Cooking
SPI_001,Protein Superfood & Supplements
JACK_002,Dried Fruits & Nuts
ANA_003,Dried Fruits & Nuts
CRANBE_002,Dried Fruits & Nuts
STUD_002,Dried Fruits & Nuts
START_001,Dried Fruits & Nuts
START_002,Dried Fruits & Nuts
GLAS_007,Other
BOWL_001,Other
GLAS_007_T12,Other
BOWL_002,Other
MIXER_001,Other
BROTB_001,Other
KOKOS_010,Other
CLIP_002,Other
BROTB_002,Other
GLAS_012,Other
SALZ_001,Baking & Cooking
ZUCKER_002,Baking & Cooking
GLAS_012_T12,Other
SPROSS_001_T10,Baking & Cooking
SHIRT_001-001,Other
SHIRT_001-002,None
SHIRT_001-003,Other
SHIRT_001-004,Other
SHIRT_002-001,Other
SHIRT_002-002,Other
SHIRT_002-003,Other
SHIRT_002-004,Other
OEL_014,Baking & Cooking
SPROSS_001,Baking & Cooking
HIM_006,Dried Fruits & Nuts
GLAS_023,Other
GLAS_023_T6,Other
JACK_008,Dried Fruits & Nuts
TUCH_001,Other
BEUTEL_001,Other
BOHNE_018,Snacks
FLASCHE_001,Other
FLASCHE_002,Other
KAKAO_013,Baking & Cooking
KOCHER_001,Other
MIXER_002,Other
VAN_003,Baking & Cooking
KAPSEL_001,Protein Superfood & Supplements
KARIBIK_001,Snacks
SALZ_002,Baking & Cooking
HUND_002,Other
MAND_015,Snacks
NEM_001,Protein Superfood & Supplements
NEM_002,Protein Superfood & Supplements
MUEHLE_001,Other
SALAT_001,Other
BULK_010,Dried Fruits & Nuts
BOWL_001_T50,Other
BOWL_002_T30,Other
PAPAYA_005,Dried Fruits & Nuts
SPROSSET_004,Other
TEE_007,Breakfast
SALZ_001_T12,Baking & Cooking
SPI_001_T50,Protein Superfood & Supplements
THERMO_001,Other
SPROSSET_003,Other
STRAW_001,Other
DOERR_001,Other
BROTB_005,Other
GEWUERZ_028,Baking & Cooking
GEWUERZ_029,Baking & Cooking
HOLEI_001,Other
ROLLE_001,Other
GLAS_026,Other
GLAS_026_T6,Other
GLAS_028,Other
GLAS_028_T6,Other
GLAS_030,Other
GLAS_030_T12,Other
GLAS_032,Other
GLAS_032_T12,Other
GLAS_034,Other
GLAS_034_T12,Other
MABA_004,Other
MABA_005,None
MABA_013,None
MABA_020,Other
EISMA_001,Other
SALZ_004,Baking & Cooking
HIM_006_T12,Dried Fruits & Nuts
SALZ_002_T12,Baking & Cooking
SALZ_004_T12,Baking & Cooking
NUDMA_001,Other
TASCHE_001,Other
MATCHA_004,None
KOCHER_002,Other
BULK_013,None
GLUEH_001,Other
TASCHE_002,Other
DYMO_009,Other
DYMO_010,Other
SJUICER_001,Other
NUDMA_002,None
NUDMA_003,None
NUDMA_004,None
KAFFEE_013,Breakfast
KAFFEE_013_T6,Breakfast
BEUTEL_003,Other
BEUTEL_004,Other
BEUTEL_005,Other
ROLLE_001_T6,Other
BACK_001,Other
BACK_002,Other
BEUTEL_006,Other
BEUTEL_007,Other
BEUTEL_008,Other
TEMPU_001,Snacks
BEREITER_001,Other
EISBE_001,Other
BEREITER_002,Other
FLASCHE_003,Other
BROT_001,Other
BUNDLE_006,None
DOSE_002,Other
KOROBOX_004,None
PUZZ_001,Other
MEMO_001,Other
QUART_001,Other
STAND_001,Other
STAEB_001,Other
DISPLAY_002,None
SUSHI_001,Other
FLASCHE_004,Other
MIXER_003,Other
MTAS_001,Other
MTAS_002,Other
BRETT_001,Other
LOEFFEL_002,Other
ROLLE_003,Other
MURW_001,Other
MURM_002,Other
KLEMM_001,Other
PLATT_001,Other
ABO_021,None
BAM_001,Other
MURM_001,Other
HOLZT_001,Other
BEREITER_003,Other
MAT_001,Other
BROT_002,Other
KORB_001,Other
TABLETT_001,Other
SMBOWL_001,Breakfast
GBOX_001,None
GBOX_007,None
GBOX_003,None
MAT_001_T4,Other
COEL_001,Baking & Cooking
GORI_001,Dried Fruits & Nuts
GORI_002,Snacks
GORI_003,Snacks
GORI_004,Snacks
COEL_002,Baking & Cooking
MUS_060_ZW,Nutbutter & Spreads
MIXER_004,Other
PUFF_011,Dried Fruits & Nuts
SHEA_001,Baking & Cooking
TAKAO_010,None
GBOX_004,None
NEM_013,Protein Superfood & Supplements
NEM_015,Protein Superfood & Supplements
EISMA_002,Other
EISMA_003,Other
EISMA_004,None
EISMA_005,Other
EISMA_006,Other
MARA_008,None
CUT_001,Other
TOPF_001,Other
TOPF_002,Other
GEWUERZ_032,Baking & Cooking
GEWUERZ_032_T4,Baking & Cooking
MUEHLE_003,Other
GBOX_006,None
ABO_032,Baking & Cooking
MIXER_005,Other
BROTB_006,Other
DECKEL_003,Other
SEITAN_003,None
GORI_001_T12,Dried Fruits & Nuts
GORI_002_T12,Snacks
GORI_003_T12,Snacks
GORI_004_T12,Snacks
BEREITER_004,None
BEREITER_005,None
BEREITER_006,None
BEREITER_007,None
BEREITER_008,None
BEREITER_009,None
BEREITER_010,None
BEREITER_011,None
BEREITER_012,None
BEREITER_013,None
BEREITER_014,None
BEREITER_015,None
BEREITER_016,None
BEREITER_017,Other
BEREITER_018,None
LUPI_005,None
BOWL_005,Other
ABO_048,Baking & Cooking
LIP_001,Other
HIM_022,Snacks
TEE_010,Breakfast
ABO_036,Baking & Cooking
TEE_013,Other
ZUCKER_016,Baking & Cooking
JOHA_003,Dried Fruits & Nuts
ABO_051,Nutbutter & Spreads
CREMANT_001,Other
DISPLAY_003,Display
PARA_002,Dried Fruits & Nuts
TEESIEB_001,Other
SPROSS_003,Baking & Cooking
SPROSS_005,Baking & Cooking
SPROSS_004,Baking & Cooking
GIN_001,Baking & Cooking
DISPLAY_004,Display
DIY_001,Other
HEID_010,Dried Fruits & Nuts
HIM_010_T6,Snacks
PAPPA_001,Other
PAPPK_001,Other
KORO_010,Other
KORO_011,Other
KORO_012,Other
DIY_002,Other
DIY_003,Other
DIY_004,None
ABO_056,None
WAAGE_001,Other
MURB_001,Other
MURJ_001,Other
MURBA_001,Other
MURS_001,Other
MURER_001,Other
MURMU_001,Other
FORM_001,Other
FORM_002,Other
GBOX_008,None
KOFFIGO_001,None
GBOX_009,None
TORT_001,None
CHI_006,Protein Superfood & Supplements
SCH_001,Other
MIXER_006,None
MIXER_007,Other
HIM_024,None
SCOBY_001,Breakfast
KRAUT_004,Baking & Cooking
DECKEL_004,Other
ABO_064,Baking & Cooking
ABO_065,Baking & Cooking
KRAUT_005,Baking & Cooking
FORM_003,Other
MIXER_008,Other
MIXER_009,Other
MIXER_010,Other
BROTM_001,Other
KAFFEE_019,Breakfast
KAFFEE_019_T6,Breakfast
ABZA_001,Other
ABO_066,Nutbutter & Spreads
ABO_067,Snacks
DYMO_013,Other
YOGA_001,Other
YOGA_002,Other
YOGA_003,Other
YOGA_004,Other
YOGA_005,Other
YOGA_006,Other
BROKER_001,None
BROKER_002,None
BROKER_003,None
BROKER_004,None
FR_MUS_006,None
FR_SCHOKO_001,None
FR_CASHEW_003,None
FR_GOJIB_001,None
FEIG_012,Dried Fruits & Nuts
CREMANT_001_T6,Other
KAFFEE_021,Breakfast
KAFFEE_022,Breakfast
ZANGE_001,Other
PAPPH_001,Other
PAPPR_001,Other
EIB_004,None
EIB_002,Other
ZFB_001,Other
EIB_003,Other
ZFB_002,Other
PBALL_003_T14,Snacks
GORI_001_ZW,Dried Fruits & Nuts
KARTEPR_005,None
ZIMT_003_ZW,Baking & Cooking
KARTEPR_001,Other
FR_MUS_073_ZW,Nutbutter & Spreads
CRACKER_010_ZW,Snacks
KARTEPR_003,Other
ABO_024,Other
PA_PISTA_001,Nutbutter & Spreads
OFFICEK_001,Other
MEDJO_018_ZW,Dried Fruits & Nuts
FR_MUS_060_ZW,Nutbutter & Spreads
KARTEPR_004,None
RABO_055,None
KARTEPR_002,None
sMAR_RIEGEL_001_ZW,Bars
GORI_002_ZW,Snacks
NEM_018,Protein Superfood & Supplements
NEM_019,Protein Superfood & Supplements
NEM_026,Protein Superfood & Supplements
ZUCKER_001_T24,Baking & Cooking
KAFFEE_001,Breakfast
KAFFEE_003,Breakfast
GEWUERZ_020,Baking & Cooking
KAFFEE_006,Breakfast
KAFFEE_007,Breakfast
PFEFFER_001,Baking & Cooking
ZUCKER_001,Baking & Cooking
TEE_001,Breakfast
MATCHA_002,Protein Superfood & Supplements
MATCHA_003,Protein Superfood & Supplements
TEE_002,Breakfast
TEE_004,Breakfast
GEWUERZ_024,Baking & Cooking
PULVER_009,Protein Superfood & Supplements
TEE_006,Breakfast
PFEFFER_003,Baking & Cooking
VAN_004,Baking & Cooking
KUEMMEL_001,Protein Superfood & Supplements
PULVER_009_T50,Protein Superfood & Supplements
PFEFFER_004,Baking & Cooking
GEWUERZ_030,Baking & Cooking
KAFFEE_015,Breakfast
MATCHA_003_T12,Protein Superfood & Supplements
MATCHA_002_T12,Protein Superfood & Supplements
ZUCKER_013,Baking & Cooking
TEE_012,Breakfast
TEE_012_T10,Breakfast
PESTO_010_T6,Baking & Cooking
PESTO_010,Baking & Cooking
FLIPS_016_T5,Snacks
REISW_004_T12,Snacks
REISW_004,Snacks
FLIPS_016,Snacks
FLIPS_016_T14,Snacks
MAND_010_ADV_24_V,Snacks
MAND_010,Snacks
MUS_071,Nutbutter & Spreads
MUS_071_T6,Nutbutter & Spreads
MUS_147,None
MUS_147_T6,None
KUERBIS_003,Dried Fruits & Nuts
ASEEL_001,Dried Fruits & Nuts
MUS_007,Nutbutter & Spreads
MUS_007_T6,Nutbutter & Spreads
MAND_008,Snacks
PROTEIN_054,Bars
PROTEIN_054_T12,Bars
ORANGE_002,Dried Fruits & Nuts
KETCH_001,Baking & Cooking
KETCH_001_T6,Baking & Cooking
JACK_006,Baking & Cooking
JACK_006_T6,Baking & Cooking
JACK_011,Baking & Cooking
BLISS_023,Snacks
BLISS_023_T18,Snacks
MARONE_001,Baking & Cooking
MARONE_001_T14,Baking & Cooking
BRUEHE_001_T6,Baking & Cooking
BRUEHE_001,Baking & Cooking
BITE_001,Snacks
BITE_001_T12,Snacks
FLAP_006,Bars
FLAP_006_T15,Bars
TORTEL_006,Baking & Cooking
TORTEL_006_T12,Baking & Cooking
RIEGEL_047,Bars
RIEGEL_047_T12,Bars
SAFT_012,Breakfast
NUSS_001,Snacks
CRACKER_022,Snacks
CUPS_007,Snacks
CUPS_007_T12,Snacks
KOKOS_043,Snacks
MALLOW_001,Snacks
MALLOW_001_T8,Snacks
SCHOKO_005,Baking & Cooking
SOJA_016,Baking & Cooking
SOJA_017,Baking & Cooking
WORMS_002,Snacks
HIR_003,Baking & Cooking
KOKOS_025,Baking & Cooking
KOKOS_025_T12,Baking & Cooking
DATT_030,Dried Fruits & Nuts
DATT_030_T12,Dried Fruits & Nuts
GRANOLA_004,Breakfast
GRANOLA_004_ADV_25,None
MUESLI_003,Breakfast
CREME_014,Nutbutter & Spreads
CREME_014_T6,Nutbutter & Spreads
TMZE_001,None
TMZE_001_T6,None
CRACKER_010,Snacks
FR_MUS_060,Nutbutter & Spreads
FR_MUS_060_T6,Nutbutter & Spreads
NL_MUS_060,Nutbutter & Spreads
NL_MUS_060_T6,Nutbutter & Spreads
MUS_060,Nutbutter & Spreads
MUS_060_T6,Nutbutter & Spreads
SAFT_013,Breakfast
PBITE_001,None
PBITE_001_T12,None
MUS_063,Nutbutter & Spreads
MUS_063_T6,Nutbutter & Spreads
YACON_001_ZW,Baking & Cooking
CHIPS_014,Snacks
WEIN_001,Dried Fruits & Nuts
SAFT_018,Breakfast
SAFT_018_T6,Breakfast
RUEG_003,Baking & Cooking
RUEG_003_T7,Baking & Cooking
PFIR_002,Dried Fruits & Nuts
GEWUERZ_034,Baking & Cooking
DK_VEGCHI_001,Baking & Cooking
DK_VEGCHI_001_T12,Baking & Cooking
VEGCHI_001,Baking & Cooking
VEGCHI_001_T12,Baking & Cooking
FLIPS_003,Snacks
FLIPS_003_T15,Snacks
CHIPS_009,Snacks
CHIPS_009_T6,Snacks
TORTEL_009,Baking & Cooking
TORTEL_009_T12,Baking & Cooking
STICK_004,Snacks
STICK_004_T12,Snacks
BREZ_009,Snacks
FEIG_002,Dried Fruits & Nuts
DATT_034,Dried Fruits & Nuts
ING_004,Protein Superfood & Supplements
CRACKER_017,Snacks
CRACKER_017_T10,Snacks
CRACKER_011,Snacks
BERBE_002,Dried Fruits & Nuts
FLIPS_015,Snacks
FLIPS_015_ZW,Snacks
PFLAU_001,Dried Fruits & Nuts
PFLAU_001_T10,Dried Fruits & Nuts
MUS_127,Nutbutter & Spreads
MUS_127_T6,Nutbutter & Spreads
VEGEI_001,Baking & Cooking
PROTEIN_012,Breakfast
PROTEIN_012_T12,Breakfast
ERD_026,None
ERD_026_T3,None
KERN_001,Baking & Cooking
KERN_001_T4,Baking & Cooking
DRINK_022,Baking & Cooking
DRINK_022_T8,Baking & Cooking
DRINK_001,Baking & Cooking
DRINK_001_T12,Baking & Cooking
ING_009,Breakfast
ING_009_T12,Breakfast
CUPS_009,Snacks
CUPS_009_T12,Snacks
MUS_133,Nutbutter & Spreads
MUS_133_T6,Nutbutter & Spreads
BLISS_060,Snacks
BLISS_060_T14,Snacks
ACE_001_ZW,Protein Superfood & Supplements
HASEL_002_T10,Baking & Cooking
HASELN_001_T10,Dried Fruits & Nuts
HASEL_002,Baking & Cooking
NUDEL_013_T10,Baking & Cooking
NUDEL_013,Baking & Cooking
NUDEL_013_T12,Baking & Cooking
SAUCE_001,Baking & Cooking
SAUCE_001_T6,Baking & Cooking
MUS_053_B3,Nutbutter & Spreads
MUS_053_M3,Nutbutter & Spreads
MUS_053_M2,Nutbutter & Spreads
CASHIM_001,Snacks
CASHIM_001_T12,Snacks
LEIN_007,Baking & Cooking
MUS_006,Nutbutter & Spreads
MUS_006_T6,Nutbutter & Spreads
PROTEIN_053,Bars
PROTEIN_053_T12,Bars
IT_RIEGEL_035,Bars
IT_RIEGEL_035_T6,Bars
RIEGEL_035,Bars
RIEGEL_035_T12,Bars
DATT_006,Dried Fruits & Nuts
PROTEIN_009,Protein Superfood & Supplements
PROTEIN_008,Protein Superfood & Supplements
PROTEIN_009_T12,Protein Superfood & Supplements
CRIS_011,Breakfast
CRIS_011_T6,Breakfast
BURGER_007,Baking & Cooking
ABO_100,Baking & Cooking
BLISS_055,Snacks
BLISS_055_T14,Snacks
PBALL_001_T14,Snacks
PBALL_001,Snacks
FLAP_008,None
FLAP_008_T15,None
APRIK_009,Dried Fruits & Nuts
PEKAN_012,Dried Fruits & Nuts
CHAI_002,Baking & Cooking
GRANOLA_006,Breakfast
DATT_021,Snacks
PORRIDGE_003,Breakfast
JOHA_001,Dried Fruits & Nuts
PERLEN_001_T6,Baking & Cooking
PERLEN_001,Baking & Cooking
KOKOS_013_ZW,Baking & Cooking
KOKOS_013,Baking & Cooking
MAISW_001,Snacks
MAISW_001_T12,Snacks
AUFSTR_042,Nutbutter & Spreads
AUFSTR_042_T12,Nutbutter & Spreads
AUFSTR_042_T6,Nutbutter & Spreads
AMA_004,Breakfast
AMA_004_T6,Breakfast
MEDJO_017,Dried Fruits & Nuts
MEDJO_018,Dried Fruits & Nuts
MEDJO_018_T8,Dried Fruits & Nuts
MAND_003,Dried Fruits & Nuts
ERDMAND_002,Baking & Cooking
KAKAO_004,Baking & Cooking
TOFU_003_T10,Baking & Cooking
TOFU_003_T6,Baking & Cooking
TOFU_003,Baking & Cooking
HUELSEN_027,Baking & Cooking
HUELSEN_027_T12,Baking & Cooking
KAFFEE_002,Breakfast
PISTAZ_007,Baking & Cooking
MAND_023,Baking & Cooking
RIEGEL_055,Bars
RIEGEL_055_T20,Bars
KEKS_001,Snacks
KEKS_001_T12,Snacks
CHIPS_002,Snacks
CHIPS_002_T20,Snacks
BULK_014,Baking & Cooking
MUS_128,Nutbutter & Spreads
MUS_128_T6,Nutbutter & Spreads
FR_MUS_128,Nutbutter & Spreads
FR_MUS_128_T6,Nutbutter & Spreads
MUS_128_ADV_24_V,Nutbutter & Spreads
BLISS_062,None
BLISS_062_T14,None
KERN_002,Baking & Cooking
KERN_002_T4,Baking & Cooking
MACAP_001,Protein Superfood & Supplements
CRANBE_004,Dried Fruits & Nuts
MEHL_016,Baking & Cooking
CRANBE_004_T10,Dried Fruits & Nuts
MACAP_001_T6,Protein Superfood & Supplements
HUELSEN_005,Baking & Cooking
IT_MUS_073,None
IT_MUS_073_T6,None
ERBSE_001,Baking & Cooking
HUM_001,Baking & Cooking
HUM_001_T12,Baking & Cooking
SAUCE_009,Baking & Cooking
SAUCE_009_T6,Baking & Cooking
CHIPS_016,Snacks
CHIPS_016_T7,Snacks
RUEG_004,Baking & Cooking
RUEG_004_T7,Baking & Cooking
APFELCH_001,Dried Fruits & Nuts
HUELSEN_038,Baking & Cooking
HUELSEN_038_T12,Baking & Cooking
CHI_001,Protein Superfood & Supplements
BULK_004,Protein Superfood & Supplements
REIS_015,Baking & Cooking
PHYS_002,Dried Fruits & Nuts
SON_007,Dried Fruits & Nuts
KICH_003_T5,Snacks
KICH_003,Snacks
OY_PROTEIN_035,Bars
OY_PROTEIN_035_T15,Bars
PROTEIN_035,Bars
PROTEIN_035_T15,Bars
BREZ_005,Snacks
BREZ_005_T8,Snacks
FLIPS_013_ZW,Snacks
HUELSEN_034,Baking & Cooking
MANDEL_003,Snacks
BALL_001,Snacks
PROTEIN_038,Protein Superfood & Supplements
APFELCH_004,Dried Fruits & Nuts
HANF_002_T6,Protein Superfood & Supplements
HANF_002,Protein Superfood & Supplements
BLISS_058,None
BLISS_058_T14,None
SON_004,Dried Fruits & Nuts
DRACH_001,Dried Fruits & Nuts
ZUCKER_019,None
ZUCKER_019_T12,None
TOM_001,Baking & Cooking
SAUCE_005,Baking & Cooking
SAUCE_005_T6,Baking & Cooking
PROTEIN_021,Breakfast
PROTEIN_021_T8,Breakfast
PARA_004,Dried Fruits & Nuts
PARA_001,Dried Fruits & Nuts
MAISW_003,Breakfast
MAISW_003_T12,Breakfast
HUELSEN_025,Baking & Cooking
HUELSEN_025_T5,Baking & Cooking
HASEL_003,Snacks
HONIG_001,Breakfast
HONIG_001_T12,Breakfast
BLISS_027,Snacks
BLISS_027_T18,Snacks
PROTEIN_018,Breakfast
PROTEIN_020,Breakfast
PROTEIN_018_T12,Breakfast
PROTEIN_020_T12,Breakfast
LEIN_003,Protein Superfood & Supplements
LEIN_004,Protein Superfood & Supplements
ERDNUSS_021,Snacks
ERDNUSS_021_T12,Snacks
BUCH_008,Baking & Cooking
SAFT_020,Breakfast
MACA_015,Dried Fruits & Nuts
BULK_012,Dried Fruits & Nuts
CASVAN_001,Snacks
BLISS_059,Snacks
BLISS_059_T14,Snacks
MANG_003_T14,Dried Fruits & Nuts
MANG_003,Dried Fruits & Nuts
MANG_003_T10,Dried Fruits & Nuts
EINT_003,Baking & Cooking
EINT_003_T6,Baking & Cooking
BLISS_029,Snacks
BLISS_029_T18,Snacks
SAFT_010,Breakfast
CURRY_002,Baking & Cooking
CURRY_002_T6,Baking & Cooking
CURRY_008,Baking & Cooking
MUS_095,Nutbutter & Spreads
MUS_095_T12,Nutbutter & Spreads
MUS_114,Nutbutter & Spreads
MUS_114_T6,Nutbutter & Spreads
ACAIW_001,Dried Fruits & Nuts
ACAIW_001_T10,Dried Fruits & Nuts
WALNU_001,Dried Fruits & Nuts
KAKAO_008,Baking & Cooking
SOJA_003,Baking & Cooking
NTTE_001_ADV_24_V,Snacks
NTTE_001,Dried Fruits & Nuts
PUFF_004_T25,Dried Fruits & Nuts
IT_MUS_010,Nutbutter & Spreads
IT_MUS_010_T6,Nutbutter & Spreads
NL_CREME_002,Nutbutter & Spreads
NL_CREME_002_T6,Nutbutter & Spreads
IT_CREME_002,None
IT_CREME_002_T6,None
CREME_001,Nutbutter & Spreads
CREME_002,Nutbutter & Spreads
CREME_001_T6,Nutbutter & Spreads
CREME_002_T6,Nutbutter & Spreads
COOKIE_013,Snacks
COOKIE_013_T12,Snacks
MAISW_004,None
MAISW_004_T12,None
MAISW_004_T20,None
PBALL_003,Snacks
DM_CASTOS_002,Snacks
CASTOS_002_ADV_24_V,Snacks
DM_CASTOS_002_T9,Snacks
DM_CASTOS_002_T7,Snacks
CASTOS_002,Snacks
STICK_005,Snacks
STICK_005_T12,Snacks
CRACKER_014,Snacks
CRACKER_014_T6,Snacks
OLIVE_002,Baking & Cooking
OLIVE_002_T6,Baking & Cooking
NUDEL_009,Baking & Cooking
MUS_148,None
MUS_148_T6,None
NUMIX_002_ADV_25,None
NUMIX_002,Snacks
QUI_009,Baking & Cooking
BULK_005,Baking & Cooking
REISW_006_T12,Snacks
REISW_006,Snacks
KEKS_012,Snacks
KEKS_012_T12,Snacks
OLIVE_009,Nutbutter & Spreads
OLIVE_009_T12,Nutbutter & Spreads
PIS_002_T12,Dried Fruits & Nuts
PIS_002,Dried Fruits & Nuts
SAUERK_007_ADV_24_V,Dried Fruits & Nuts
SAUERK_007,Snacks
MUESLI_012,Breakfast
GUARK_001,Baking & Cooking
PISTAZ_006,Dried Fruits & Nuts
LEIN_008,Protein Superfood & Supplements
GORI_004_ZW,Snacks
PROTEIN_041_ZW_T12,Bars
PROTEIN_041_ZW,Bars
MARA_001,Dried Fruits & Nuts
PROTEIN_041,Bars
PROTEIN_041_T12,Bars
ZWIEB_001,Baking & Cooking
SCHOKO_029,Snacks
MUS_098,Nutbutter & Spreads
MUS_098_T12,Nutbutter & Spreads
BANA_001,Dried Fruits & Nuts
AUFSTR_035,Nutbutter & Spreads
AUFSTR_035_T12,Nutbutter & Spreads
SPI_002,Protein Superfood & Supplements
AUFSTR_002,Nutbutter & Spreads
AUFSTR_002_T12,Nutbutter & Spreads
EDEL_001,Dried Fruits & Nuts
MOHN_003,Baking & Cooking
PUFF_010,Dried Fruits & Nuts
WALNU_003,Dried Fruits & Nuts
KOMP_001,Baking & Cooking
KOMP_001_T8,Baking & Cooking
REISW_008_T12,None
REISW_008_T16,None
REISW_008,None
SOURP_001,Snacks
SOURP_001_T14,Snacks
PISTA_001_B2,None
FR_PISTA_001,Nutbutter & Spreads
IT_PISTA_001,Nutbutter & Spreads
IT_PISTA_001_T6,Nutbutter & Spreads
PISTA_007,Nutbutter & Spreads
PISTA_007_T6,Nutbutter & Spreads
PISTA_001_M2,Nutbutter & Spreads
PISTA_001,Nutbutter & Spreads
PISTA_001_T6,Nutbutter & Spreads
MUS_097,Nutbutter & Spreads
MUS_122,Nutbutter & Spreads
MUS_122_T6,Nutbutter & Spreads
AHORN_002,Breakfast
AHORN_002_T12,Breakfast
BEERE_001,Dried Fruits & Nuts
MEDJO_023,Dried Fruits & Nuts
MEDJO_024,Dried Fruits & Nuts
MEDJO_023_T8,Dried Fruits & Nuts
MEDJO_022,Dried Fruits & Nuts
MO_CREME_001,None
MO_CREME_001_T12,None
HEFE_003,Baking & Cooking
KUERBIS_005,Snacks
RIEGEL_053,Bars
RIEGEL_053_T20,Bars
CRIS_005_T7,Breakfast
FR_CRIS_013,Breakfast
FR_CRIS_013_T12,Breakfast
CRIS_005,Breakfast
DRINK_013,Baking & Cooking
DRINK_013_T6,Baking & Cooking
CASHEW_007,Snacks
BACKMI_001,Baking & Cooking
BACKMI_001_T6,Baking & Cooking
KAKAO_017,None
APRIK_005,Snacks
APRIK_005_T10,Snacks
BURGER_005,Baking & Cooking
BURGER_005_T12,Baking & Cooking
CEREAL_002,Breakfast
CEREAL_002_T8,Breakfast
CEREAL_002_ADV_24_V,Breakfast
KICH_001,Snacks
MAIS_015,Snacks
KAMUT_001,Baking & Cooking
KAMUT_001_T6,Baking & Cooking
SOJA_001,Protein Superfood & Supplements
SOJA_002,Protein Superfood & Supplements
SCHOKO_008,Snacks
COOKIE_017,Snacks
COOKIE_017_T12,Snacks
MEDJO_025,Dried Fruits & Nuts
MEDJO_026,Dried Fruits & Nuts
MEDJO_027,Dried Fruits & Nuts
MEDJO_025_T8,Dried Fruits & Nuts
MEDJO_026_T8,Dried Fruits & Nuts
MEDJO_001,Dried Fruits & Nuts
MEDJO_003,Dried Fruits & Nuts
MEDJO_011,Dried Fruits & Nuts
MEDJO_021,Dried Fruits & Nuts
SENF_003_T4,Baking & Cooking
SENF_003,Baking & Cooking
ERDNUSS_026,Snacks
BOHNE_006,Snacks
RIEGEL_041_ZW,Bars
RIEGEL_041,Bars
RIEGEL_041_T20,Bars
MANG_003_ZW,Dried Fruits & Nuts
MUS_030,Nutbutter & Spreads
MUS_030_T12,Nutbutter & Spreads
GOJIB_001_T15,Dried Fruits & Nuts
GOJIB_001,Dried Fruits & Nuts
ING_013,Snacks
ING_013_T4,Snacks
HAFER_012,Baking & Cooking
AUFSTR_029,Nutbutter & Spreads
AUFSTR_029_T6,Nutbutter & Spreads
CASSOU_001,Snacks
PROTEIN_003,Baking & Cooking
DK_VEGCHI_002,Baking & Cooking
DK_VEGCHI_002_T12,Baking & Cooking
VEGCHI_002,Baking & Cooking
VEGCHI_002_T12,Baking & Cooking
MUS_077_T6,Nutbutter & Spreads
MUS_077,Nutbutter & Spreads
PESTO_001,Baking & Cooking
PESTO_001_T6,Baking & Cooking
RIEGEL_049,Bars
RIEGEL_049_T12,Bars
ANAN_006,Dried Fruits & Nuts
WORMS_002_ADV_25,None
ANAN_006_T20,Dried Fruits & Nuts
RIEGEL_066,Bars
RIEGEL_066_T12,Bars
KOKOS_020,Baking & Cooking
PESTO_011,Baking & Cooking
PESTO_011_T6,Baking & Cooking
AMARE_001,Snacks
PESTO_003,Baking & Cooking
PESTO_003_T6,Baking & Cooking
HUELSEN_018,Baking & Cooking
BOHNE_023,Baking & Cooking
BOHNE_023_T12,Baking & Cooking
VEPRO_009_T3,None
EMMER_001,Breakfast
AUFSTR_005,Nutbutter & Spreads
AUFSTR_005_T12,Nutbutter & Spreads
PULVER_015,Dried Fruits & Nuts
HUELSEN_015,Baking & Cooking
KIMCHI_001,Baking & Cooking
KIMCHI_001_T6,Baking & Cooking
HIM_011,Snacks
PAPAYA_002,Dried Fruits & Nuts
SULT_002,Dried Fruits & Nuts
KURK_001,Breakfast
KURK_001_T12,Breakfast
BLISS_001_T14,Snacks
BLISS_001,Snacks
RIEGEL_043,Bars
RIEGEL_043_T20,Bars
ZUCKER_014,Baking & Cooking
SCHNITTE_002,Snacks
SCHNITTE_002_T12,Snacks
BLAUCRI_003,Snacks
MANG_030,Dried Fruits & Nuts
MANG_030_T20,Dried Fruits & Nuts
MANG_030_T14,Dried Fruits & Nuts
MANG_030_ZW,Dried Fruits & Nuts
MANG_030_ZW_T20,Dried Fruits & Nuts
TOM_005,Baking & Cooking
TOM_005_T6,Baking & Cooking
HAFER_007,Breakfast
NUDEL_006,Baking & Cooking
SAFT_011,Breakfast
FLAP_001,Bars
FLAP_001_T15,Bars
HIM_020,None
HIM_020_T12,None
HEID_002,Dried Fruits & Nuts
ERDNUSS_003,Dried Fruits & Nuts
BULK_015,Dried Fruits & Nuts
EIER_001,Snacks
EIER_001_T6,Snacks
APFEL_009,Baking & Cooking
APFEL_009_T6,Baking & Cooking
KERNE_002,Snacks
KERNE_002_T12,Snacks
PUREE_004,Baking & Cooking
PUREE_004_T6,Baking & Cooking
MUS_131,Nutbutter & Spreads
MUS_131_T6,Nutbutter & Spreads
NL_MUS_021,Nutbutter & Spreads
NL_MUS_021_T6,Nutbutter & Spreads
FR_MUS_062,Nutbutter & Spreads
FR_MUS_062_T6,Nutbutter & Spreads
IT_MUS_062,None
IT_MUS_062_T6,None
MUS_021,Nutbutter & Spreads
MUS_062,Nutbutter & Spreads
MUS_062_T6,Nutbutter & Spreads
MUS_021_T6,Nutbutter & Spreads
MUS_105,Nutbutter & Spreads
KRAUT_001,Baking & Cooking
KRAUT_001_T20,Baking & Cooking
WURST_002,Baking & Cooking
WURST_002_T12,Baking & Cooking
PUREE_001,Baking & Cooking
ABO_096,Baking & Cooking
DINKEL_006,Breakfast
KERN_003,Baking & Cooking
BITE_003,Snacks
BITE_003_T12,Snacks
AUFSTR_041,Nutbutter & Spreads
AUFSTR_041_T12,Nutbutter & Spreads
AUFSTR_041_T6,Nutbutter & Spreads
SCHOKO_045,Snacks
SCHOKO_045_T5,Snacks
REIS_001,Snacks
BLISS_005_T14,Snacks
NL_BLISS_005,Snacks
NL_BLISS_005_T14,Snacks
BLISS_005,Snacks
IT_MUS_144,Nutbutter & Spreads
IT_MUS_144_T6,Nutbutter & Spreads
MUS_144,Nutbutter & Spreads
MUS_144_T6,Nutbutter & Spreads
IT_MUS_151,None
IT_MUS_151_T6,None
CUPS_011,Snacks
CUPS_011_T14,Snacks
BOHNE_005_T5,Snacks
BOHNE_005,Snacks
DATT_007,Dried Fruits & Nuts
RIEGEL_039,Bars
RIEGEL_039_T12,Bars
MORIN_001,Protein Superfood & Supplements
BROT_003,Breakfast
NL_MUS_010,Nutbutter & Spreads
NL_MUS_010_T6,Nutbutter & Spreads
MUS_010_T12,Nutbutter & Spreads
MUS_010,Nutbutter & Spreads
MUS_010_T6,Nutbutter & Spreads
MUS_059_ZW,Nutbutter & Spreads
OLIVE_013,Nutbutter & Spreads
OLIVE_013_T12,Nutbutter & Spreads
OLIVE_013_T6,Nutbutter & Spreads
SAAT_001,Baking & Cooking
GEB_010,Snacks
GEB_010_T12,Snacks
GEB_002_ADV_25,None
GEB_002,Snacks
GEB_002_T9,Snacks
EINT_002,Baking & Cooking
EINT_002_T6,Baking & Cooking
PISTAZ_009,Dried Fruits & Nuts
MAIS_019,None
ERD_025,Dried Fruits & Nuts
ERD_025_T4,Dried Fruits & Nuts
HUELSEN_014,Baking & Cooking
PISTAZ_005_T20,Dried Fruits & Nuts
PISTAZ_005,Dried Fruits & Nuts
TEE_003,Breakfast
MANG_029,Dried Fruits & Nuts
MANG_029_T20,Dried Fruits & Nuts
BUCH_005,Baking & Cooking
ANA_013,None
KUERBIS_006,Baking & Cooking
KUERBIS_006_T24,Baking & Cooking
CUPS_017,Snacks
CUPS_017_T12,Snacks
POP_001,Snacks
POP_001_T10,Snacks
APFEL_008,Dried Fruits & Nuts
MAIS_012,Baking & Cooking
MAIS_012_T12,Baking & Cooking
GAM_001,Protein Superfood & Supplements
GAM_001_T9,Protein Superfood & Supplements
NUMIX_001,Snacks
KOKOS_008_T6,Baking & Cooking
KOKOS_008_T12,Baking & Cooking
KOKOS_008,Baking & Cooking
RIEGEL_009,Bars
RIEGEL_009_T12,Bars
MACA_010_ADV_25,None
MACA_010,Snacks
BURGER_006,Baking & Cooking
BURGER_006_T12,Baking & Cooking
BANA_004,Dried Fruits & Nuts
RIEGEL_015,Bars
RIEGEL_015_T12,Bars
MAND_022,Dried Fruits & Nuts
BUENO_001,Nutbutter & Spreads
BUENO_001_T6,Nutbutter & Spreads
RUEG_005,Baking & Cooking
RUEG_005_T7,Baking & Cooking
TORTEL_001_T12,Baking & Cooking
TORTEL_001,Baking & Cooking
TORTEL_001_T10,Baking & Cooking
FLIPS_014,Snacks
FLIPS_014_ZW,Snacks
KORO_002,Dried Fruits & Nuts
STEAK_002,Baking & Cooking
STEAK_002_T12,Baking & Cooking
DK_STEAK_002,Baking & Cooking
DK_STEAK_002_T12,Baking & Cooking
NUDEL_011,Baking & Cooking
YACON_001_T6,Baking & Cooking
YACON_001,Baking & Cooking
KAKAO_016,Baking & Cooking
ERD_006,Dried Fruits & Nuts
ERD_006_T10,Dried Fruits & Nuts
PORRIDGE_010,Breakfast
PORRIDGE_010_T10,Breakfast
GERGR_001,Protein Superfood & Supplements
GERGR_001_T12,Protein Superfood & Supplements
NUMIX_009,Snacks
PUDD_003,Baking & Cooking
PUDD_003_T6,Baking & Cooking
CURRY_001,Baking & Cooking
CURRY_001_T6,Baking & Cooking
CURRY_007,Baking & Cooking
BREZ_011,Snacks
KIR_001,Dried Fruits & Nuts
BULK_006,Baking & Cooking
HONIG_006,Breakfast
KAFFEE_017,Breakfast
LEIN_005,Baking & Cooking
PESTO_012,Baking & Cooking
PESTO_012_T6,Baking & Cooking
HIM_012,Snacks
VEPRO_008,None
GUARANA_002,None
NUDEL_008,Baking & Cooking
GUARANA_001,Protein Superfood & Supplements
VEPRO_001,Protein Superfood & Supplements
VEPRO_001_T18,Protein Superfood & Supplements
PROB_003,Protein Superfood & Supplements
JACK_014,Dried Fruits & Nuts
HUELSEN_028,Baking & Cooking
HUELSEN_028_T12,Baking & Cooking
BOHNE_024,Baking & Cooking
BOHNE_024_T12,Baking & Cooking
MARK_005,Baking & Cooking
MARK_005_T6,Baking & Cooking
OLIVE_001,Baking & Cooking
OLIVE_001_T6,Baking & Cooking
SAUERK_008,Breakfast
SAUERK_008_T4,Breakfast
BLISS_057,None
BLISS_057_T14,None
CREME_019,Nutbutter & Spreads
CREME_019_T6,Nutbutter & Spreads
MUS_130,Nutbutter & Spreads
MUS_130_T6,Nutbutter & Spreads
IT_MUS_005,Nutbutter & Spreads
IT_MUS_005_T6,Nutbutter & Spreads
FR_MUS_058,Nutbutter & Spreads
FR_MUS_058_T6,Nutbutter & Spreads
MUS_058,Nutbutter & Spreads
MUS_058_T6,Nutbutter & Spreads
MUS_104,Nutbutter & Spreads
COOKIE_011,Snacks
COOKIE_011_T12,Snacks
YUPPI_001,Baking & Cooking
YUPPI_001_T12,Baking & Cooking
RIEGEL_061,Bars
RIEGEL_061_T20,Bars
FALAF_001,Baking & Cooking
NUMIX_014,Snacks
MANG_026,Dried Fruits & Nuts
MANG_026_T10,Dried Fruits & Nuts
KAKAO_001_ZW,Breakfast
KAKAO_015,Baking & Cooking
JOHA_002,Dried Fruits & Nuts
COUS_003,Baking & Cooking
COUS_003_T9,Baking & Cooking
NUDEL_001,Baking & Cooking
PFLAU_005,Dried Fruits & Nuts
MANDA_002,Dried Fruits & Nuts
PUREE_003,Baking & Cooking
PUREE_003_T6,Baking & Cooking
GRAN_002,Dried Fruits & Nuts
BANA_003,Dried Fruits & Nuts
CUPS_015,Snacks
CUPS_015_T12,Snacks
SAFT_004,Breakfast
SAFT_004_T6,Breakfast
HAFER_010,Baking & Cooking
REIS_013,Snacks
SCHOKO_040,Snacks
SCHOKO_042,Snacks
MUS_141,Nutbutter & Spreads
MARZI_007,Snacks
MARZI_007_T6,Snacks
HUELSEN_021,Baking & Cooking
ERDNUSS_011,Snacks
ZUCKER_007,Baking & Cooking
HIM_027,None
HIM_027_T3,None
COOKIE_015,Snacks
COOKIE_015_T12,Snacks
HUELSEN_019,Baking & Cooking
HASEL_009,Baking & Cooking
ERD_014,Snacks
CHLOR_003,Protein Superfood & Supplements
MUS_080,Nutbutter & Spreads
MUS_080_T12,Nutbutter & Spreads
SPEKU_001,Nutbutter & Spreads
SPEKU_001_T12,Nutbutter & Spreads
APFELRI_001,Dried Fruits & Nuts
APFELRI_001_T10,Dried Fruits & Nuts
STUD_001_T10,Dried Fruits & Nuts
STUD_001,Dried Fruits & Nuts
NUDEL_017,Baking & Cooking
PORRIDGE_007,Breakfast
LUC_001,Protein Superfood & Supplements
WURST_001,Baking & Cooking
WURST_001_T12,Baking & Cooking
VEPRO_009,None
VEPRO_002,Protein Superfood & Supplements
VEPRO_002_T18,Protein Superfood & Supplements
ZUCKER_004,Baking & Cooking
HUELSEN_031,Baking & Cooking
ZUCKER_004_T6,Baking & Cooking
REIS_017,Baking & Cooking
ERD_009_ADV_25,None
ERD_009,Dried Fruits & Nuts
ERD_009_T12,Dried Fruits & Nuts
CUPS_014,Snacks
CUPS_014_T12,Snacks
BOXCUP_014,Snacks
BRENN_001,Protein Superfood & Supplements
SCHOKO_015,Snacks
CHAI_001_T10,Baking & Cooking
CHAI_001,Baking & Cooking
KOKOS_038,Breakfast
SOJA_012,Baking & Cooking
SOJA_012_T12,Baking & Cooking
MARZI_010,Baking & Cooking
ZIMT_001,Baking & Cooking
MUS_146,None
MUS_146_T6,None
BLISS_050,Snacks
BITE_004,Snacks
BITE_004_T12,Snacks
BLISS_025,Snacks
BLISS_025_T14,Snacks
BLISS_050_T14,Snacks
ADV_23_C,Other
OEL_038,Baking & Cooking
WALNU_004,Dried Fruits & Nuts
ROTEB_004,Baking & Cooking
ROTEB_004_T14,Baking & Cooking
PEKAN_002_T12,Nutbutter & Spreads
PEKAN_002,Nutbutter & Spreads
PEKAN_014,Snacks
PEKAN_014_T8,Snacks
PEKAN_012_ADV_24_C,Dried Fruits & Nuts
CINI_001,Breakfast
CINI_001_T4,Breakfast
CINI_001_ADV_24_V,Breakfast
NUSS_005,Protein Superfood & Supplements
DM_NUSS_005,None
DM_NUSS_005_T8,None
MAIS_011_ADV_24_V,Snacks
MAIS_011,Snacks
BLISS_051,Snacks
BLISS_017_T14,Snacks
BLISS_051_T14,Snacks
BLISS_017,Snacks
ROTEB_002,Baking & Cooking
ROTEB_002_T12,Baking & Cooking
RIEGEL_022_T12,Bars
RIEGEL_022,Bars
ERBSE_005,Snacks
BREZ_011_ADV_24_V,Snacks
BREZ_011_ADV_25,None
HUELSEN_032,Baking & Cooking
ZUCKER_015,Baking & Cooking
ABO_060,Baking & Cooking
GEWUERZ_022_T18,Baking & Cooking
GEWUERZ_022,Baking & Cooking
AUFSTR_003,Nutbutter & Spreads
AUFSTR_003_T12,Nutbutter & Spreads
ERD_004_B2,Dried Fruits & Nuts
ERD_004_T4,Dried Fruits & Nuts
ERD_004_M2,Dried Fruits & Nuts
ERD_004_ADV_24_V,Other
ERD_004,Dried Fruits & Nuts
TOFU_007,Baking & Cooking
TOFU_007_T6,Baking & Cooking
MUS_124,Nutbutter & Spreads
MUS_124_T12,Nutbutter & Spreads
MAIS_008,Snacks
DINK_003,Breakfast
DINK_003_T6,Breakfast
SAUCE_015,Baking & Cooking
SAUCE_015_T6,Baking & Cooking
BLISS_048,Snacks
BLISS_048_T14,Snacks
COUS_004,Baking & Cooking
BAS_003,Baking & Cooking
DINKEL_008,Breakfast
DINKEL_008_T10,Breakfast
VEMAND_001,Snacks
SOJA_006,Baking & Cooking
SOJA_006_T12,Baking & Cooking
SOJA_013,Baking & Cooking
SOJA_013_T12,Baking & Cooking
KLEIE_001_T4,Breakfast
KLEIE_001,Breakfast
GREENS_001,Protein Superfood & Supplements
RIEGEL_063,Bars
RIEGEL_063_T12,Bars
BOHNE_002,Snacks
CUPS_005,None
CUPS_005_T14,None
HASELN_004,Dried Fruits & Nuts
HASELN_002,Baking & Cooking
CREME_012,Nutbutter & Spreads
CREME_012_T9,Nutbutter & Spreads
CREME_026,Nutbutter & Spreads
CREME_026_T6,Nutbutter & Spreads
CREME_026_ZW,Nutbutter & Spreads
STEAK_001,Baking & Cooking
STEAK_001_T12,Baking & Cooking
OEL_004,Baking & Cooking
OEL_004_T6,Baking & Cooking
REIS_005,Baking & Cooking
CUPS_016,Snacks
CUPS_016_T12,Snacks
BOXCUP_016,Snacks
PROTEIN_010,Breakfast
BOHNE_017,Snacks
PROTEIN_010_T8,Breakfast
HONIG_005,Breakfast
HONIG_005_T6,Breakfast
PROTEIN_022_ZW_T12,Bars
REIS_018,Baking & Cooking
REIS_018_T5,Baking & Cooking
PROTEIN_022_ZW,Bars
VEPRO_005,None
VEPRO_005_T5,None
GEWUERZ_018,Baking & Cooking
PROTEIN_022,Bars
PROTEIN_022_T12,Bars
RIEGEL_013,Bars
RIEGEL_013_T12,Bars
HAFER_011,Breakfast
FEIG_008,Dried Fruits & Nuts
CRIS_006,Snacks
ERD_011,Snacks
GRAP_001,Snacks
GRAP_001_T25,Snacks
MZE_001,Protein Superfood & Supplements
KEKS_006,Snacks
KEKS_006_T12,Snacks
MUS_031,Nutbutter & Spreads
MUS_031_T12,Nutbutter & Spreads
BASIS_001,Breakfast
HAFER_001_T4,Breakfast
HAFER_008_T4,Breakfast
HAFER_001,Breakfast
HAFER_008,Breakfast
BULK_011,Breakfast
MUS_135,Nutbutter & Spreads
MUS_135_T6,Nutbutter & Spreads
ERDBAR_001,Dried Fruits & Nuts
MUS_145,Nutbutter & Spreads
MUS_145_T6,Nutbutter & Spreads
ZUCKER_018,Baking & Cooking
ZUCKER_018_T8,Baking & Cooking
NL_MUS_071,None
NL_MUS_071_T6,None
CHIPS_001,Snacks
KERNE_001,Dried Fruits & Nuts
MEDJO_012,Dried Fruits & Nuts
MEDJO_014,Dried Fruits & Nuts
PUFF_004,Dried Fruits & Nuts
HERZ_001,Snacks
NUSS_003,Snacks
OEL_007,Baking & Cooking
KOKOS_002,Baking & Cooking
OEL_001,Baking & Cooking
OEL_002,Baking & Cooking
KOKOS_012,Baking & Cooking
KAKAO_009,Baking & Cooking
OEL_012,Baking & Cooking
KOKOS_002_T6,Baking & Cooking
KOKOS_012_T4,Baking & Cooking
OEL_012_T6,Baking & Cooking
OEL_029,Baking & Cooking
OEL_029_T6,Baking & Cooking
OEL_001_T6,Baking & Cooking
OEL_002_T6,Baking & Cooking
ERDNUSS_012,Snacks
MAND_020,Baking & Cooking
PROTEIN_039_ZW_T12,Bars
PROTEIN_039_ZW,Bars
PROTEIN_039_T12,Bars
PROTEIN_039,Bars
CUPS_013,Snacks
CUPS_013_T12,Snacks
MUS_139,Nutbutter & Spreads
MUS_139_T12,Nutbutter & Spreads
MUS_140,Nutbutter & Spreads
MUS_140_T12,Nutbutter & Spreads
MUS_139_ADV_24_V,Nutbutter & Spreads
KOKOS_034,Breakfast
LEBK_003,Snacks
PROTEIN_045_ZW-T12,Bars
OY_PROTEIN_045,Bars
OY_PROTEIN_045_T12,Bars
NL_PROTEIN_045,None
NL_PROTEIN_045_T12,None
OY_PROTEIN_045_ZW,Bars
OY_PROTEIN_045_ZW-12,Bars
PROTEIN_045,Bars
PROTEIN_045_T12,Bars
HIM_008,Snacks
HIM_008_T3,Snacks
HUELSEN_042,Baking & Cooking
HUELSEN_042_T12,Baking & Cooking
NUDEL_012,Baking & Cooking
HANF_002_ZW,Protein Superfood & Supplements
SIR_003,Baking & Cooking
RIEGEL_054,Bars
RIEGEL_054_T20,Bars
COOKIE_001,Snacks
APFEL_012,Snacks
APFEL_012_T25,Snacks
APFEL_001,Snacks
RHA_001,Dried Fruits & Nuts
SOJA_019,Baking & Cooking
PROTEIN_063,Bars
PROTEIN_063_T12,Bars
PROTEIN_063_ZW_T12,Bars
ANA_002,Dried Fruits & Nuts
SAUERK_002,Dried Fruits & Nuts
ANA_004,Dried Fruits & Nuts
ANA_005,Dried Fruits & Nuts
ANA_005_T30,Dried Fruits & Nuts
GOLDIE_001,Breakfast
BACKMI_004,Baking & Cooking
SOJA_005,Baking & Cooking
MAULB_007,Dried Fruits & Nuts
MAULB_007_T12,Dried Fruits & Nuts
BUCH_002,Breakfast
PULVER_011,Baking & Cooking
OEL_033_T6,Protein Superfood & Supplements
OEL_008,Protein Superfood & Supplements
OEL_033,Protein Superfood & Supplements
CURRY_003,Baking & Cooking
CURRY_003_T6,Baking & Cooking
CURRY_009,Baking & Cooking
MUS_005_ADV_24_V,Nutbutter & Spreads
ZUCKER_003,Baking & Cooking
FLAP_007,None
FLAP_007_T15,None
OEL_013,Baking & Cooking
OEL_013_T12,Baking & Cooking
MUS_037,Nutbutter & Spreads
MUS_037_T6,Nutbutter & Spreads
BREZ_007,Snacks
BREZ_007_T8,Snacks
PULVER_003,Dried Fruits & Nuts
SCHOKO_009,Snacks
SCHOKO_009_T5,Snacks
BOHNE_002_ADV_25,None
APRIK_002,Dried Fruits & Nuts
SENF_001,Baking & Cooking
SENF_001_T4,Baking & Cooking
TORTEL_003,Baking & Cooking
TORTEL_003_T9,Baking & Cooking
BANA_004_T20,Dried Fruits & Nuts
PULVER_001,Dried Fruits & Nuts
KOKOS_047,None
KOKOS_048,None
KOKOS_049,None
KOKOS_047_T12,None
KOKOS_048_T12,None
KOKOS_049_T12,None
HIM_022_ADV_24_C,Snacks
NUMIX_010,Snacks
RIEGEL_011,Bars
RIEGEL_011_T10,Bars
CASHEW_004_ADV_24_C,Snacks
CASHEW_004,Snacks
PEKAN_010,Dried Fruits & Nuts
WALNU_008,Dried Fruits & Nuts
PERS_002,Dried Fruits & Nuts
NUMIX_015,None
NUMIX_015_T8,None
NUMIX_015_ADV_25,None
HIM_010,Snacks
PROTEIN_064,Bars
PROTEIN_064_T12,Bars
PROTEIN_064_ZW_T12,Bars
PROTEIN_065_ZW_T12,Bars
PUFF_003_ADV_25,None
PUFF_003,Dried Fruits & Nuts
OLIVE_005,Baking & Cooking
OLIVE_005_T8,Baking & Cooking
COOKIE_004_ZW,Snacks
COOKIE_004,Snacks
COOKIE_004_T12,Snacks
CASHEW_012,Dried Fruits & Nuts
PESTO_009_T6,Baking & Cooking
CHIPS_011,Snacks
CHIPS_011_T6,Snacks
PESTO_009,Baking & Cooking
ERD_012,Snacks
HANF_001,Protein Superfood & Supplements
DRACH_004,Dried Fruits & Nuts
MUS_126,Nutbutter & Spreads
MUS_126_T6,Nutbutter & Spreads
SAUCE_011,Baking & Cooking
SAUCE_011_T6,Baking & Cooking
ERDNUSS_010_T15,Snacks
ERDNUSS_010,Snacks
MEHL_015,Baking & Cooking
MAIS_006,Baking & Cooking
PESTO_013,Baking & Cooking
PESTO_013_T6,Baking & Cooking
FRUCHT_003,Snacks
AUFSTR_018,Breakfast
AUFSTR_018_T12,Breakfast
CREME_002_B2,Nutbutter & Spreads
CREME_013,Nutbutter & Spreads
CREME_013_T6,Nutbutter & Spreads
FR_CREME_002,Nutbutter & Spreads
FR_CREME_002_T6,Nutbutter & Spreads
CREME_002_M2,Nutbutter & Spreads
PROTEIN_061,Bars
PROTEIN_061_T12,Bars
ING_007,Breakfast
EIWEISS_003,Baking & Cooking
EIWEISS_003_T6,Baking & Cooking
KOKOS_031,Baking & Cooking
NL_MUS_051_ZW,Nutbutter & Spreads
IT_MUS_011,None
IT_MUS_011_T6,None
CASCHI_001,Dried Fruits & Nuts
MUS_011,Nutbutter & Spreads
MUS_004,Nutbutter & Spreads
MUS_011_T6,Nutbutter & Spreads
CASCU_001,Dried Fruits & Nuts
MUS_051,Nutbutter & Spreads
MUS_057,Nutbutter & Spreads
MUS_004_T6,Nutbutter & Spreads
MUS_051_T6,Nutbutter & Spreads
MUS_057_T6,Nutbutter & Spreads
ZWERG_001,Dried Fruits & Nuts
WALNU_006,Dried Fruits & Nuts
HUELSEN_017_T10,Baking & Cooking
HUELSEN_017,Baking & Cooking
DATT_020,Other
DATT_020_T13,Other
BLISS_061,Snacks
BLISS_061_T14,Snacks
BLUET_001,Breakfast
BLUET_001_T10,Breakfast
MARZI_001,Baking & Cooking
MARZI_001_T10,Baking & Cooking
VEPRO_008_T3,None
PROTEIN_037,Protein Superfood & Supplements
MAND_025,Snacks
MAND_025_T10,Snacks
MUS_132,Nutbutter & Spreads
MUS_132_T6,Nutbutter & Spreads
MUS_059,Nutbutter & Spreads
MUS_059_T6,Nutbutter & Spreads
RIEGEL_024,Bars
RIEGEL_024_T12,Bars
DRINK_017,Baking & Cooking
DRINK_017_T8,Baking & Cooking
NUMIX_007,Snacks
SEITAN_001,Baking & Cooking
SEITAN_001_T6,Baking & Cooking
HEID_005,Dried Fruits & Nuts
MEHL_020,Baking & Cooking
MEHL_020_T10,Baking & Cooking
BLISS_056,None
BLISS_056_T14,None
AUFSTR_015,Breakfast
MEHL_018,Baking & Cooking
MEHL_018_T10,Baking & Cooking
SNAMIX_001,Snacks
SNAMIX_001_T6,Snacks
PFIR_003,Dried Fruits & Nuts
CREME_018,Nutbutter & Spreads
CREME_018_T6,Nutbutter & Spreads
BUENO_002_ADV_25,None
DRINK_019,Baking & Cooking
DRINK_019_T8,Baking & Cooking
OLIVE_007,Nutbutter & Spreads
OLIVE_007_T12,Nutbutter & Spreads
ABO_037,Baking & Cooking
SESAM_002,Baking & Cooking
DATNU_002,Snacks
PESTO_015,Baking & Cooking
AHORN_001_T12,Baking & Cooking
AHORN_001,Baking & Cooking
AHORN_001_T6,Baking & Cooking
ERD_009_ADV_24_C,Dried Fruits & Nuts
BLISS_021,Snacks
BLISS_021_T14,Snacks
ERD_023,Dried Fruits & Nuts
RIEGEL_056,Bars
RIEGEL_056_T20,Bars
GELIE_001,Baking & Cooking
FLAP_004,Bars
FLAP_004_T15,Bars
TORTEL_007,Baking & Cooking
TORTEL_007_T12,Baking & Cooking
VEMAND_005,Snacks
VEMAND_005_T12,Snacks
SCHOKO_037,Snacks
CRACKER_009,Snacks
BURGER_003,Baking & Cooking
BURGER_003_T12,Baking & Cooking
PUREE_002,Baking & Cooking
ACAIP_005,Protein Superfood & Supplements
LUPI_002_T6,Baking & Cooking
LUPI_002,Baking & Cooking
TOFU_012,Baking & Cooking
TOFU_012_T6,Baking & Cooking
DM_GRANOLA_005,Breakfast
TOFU_012_T8,Baking & Cooking
REIS_020,Baking & Cooking
REIS_020_T12,Baking & Cooking
ZUCKER_009,Baking & Cooking
CREME_027,Nutbutter & Spreads
CREME_027_T6,Nutbutter & Spreads
CREME_030,Nutbutter & Spreads
CREME_030_T6,Nutbutter & Spreads
MAIS_007,Baking & Cooking
CHIPS_017,Snacks
CHIPS_017_T7,Snacks
SCHOKO_035,Snacks
LEBK_001_ZW,Snacks
RIEGEL_051,Bars
RIEGEL_051_T12,Bars
GORI_003_ZW,Snacks
KAFFEE_008,Snacks
KAFFEE_008_T10,Snacks
SHELL_001,Breakfast
BANA_011,Dried Fruits & Nuts
SHELL_001_ADV_24_C,None
VEPRO_006,None
VEPRO_006_T5,None
BANA_002,Dried Fruits & Nuts
BANA_002_T24,Dried Fruits & Nuts
SAFT_008,Breakfast
MUS_142,Nutbutter & Spreads
MUS_142_T6,Nutbutter & Spreads
ERDNUSS_013,Dried Fruits & Nuts
FEIG_013,None
FEIG_013_T15,None
DK_TOFU_007,Baking & Cooking
DK_TOFU_007_T6,Baking & Cooking
PROTEIN_065,Bars
PROTEIN_065_T12,Bars
PROTEIN_066,None
PROTEIN_066_T12,None
CRACKER_019,Snacks
CRACKER_019_T10,Snacks
AUFSTR_001,Nutbutter & Spreads
AUFSTR_001_T12,Nutbutter & Spreads
RIEGEL_045,None
RIEGEL_045_T16,None
KNUSPER_001,Baking & Cooking
NUDEL_005,Baking & Cooking
HIM_025,Dried Fruits & Nuts
HIM_003,Dried Fruits & Nuts
NUMIX_016,None
NUMIX_016_T8,None
RIEGEL_062,Bars
RIEGEL_062_T20,Bars
PROTEIN_005,Baking & Cooking
PROTEIN_005_T6,Baking & Cooking
ORKO_001_T6,Breakfast
ORKO_001,Breakfast
ORKO_001_T12,Breakfast
PROTEIN_060,Bars
PROTEIN_060_T12,Bars
MAULB_003,Dried Fruits & Nuts
PULVER_008,Protein Superfood & Supplements
SCHOKO_031,Snacks
BOHNE_007,Snacks
HEID_003,Dried Fruits & Nuts
REIS_007,Baking & Cooking
HEID_003_T12,Dried Fruits & Nuts
HEID_008,None
MUS_073,Nutbutter & Spreads
MUS_073_T6,Nutbutter & Spreads
VETA_001,Baking & Cooking
RUEG_001,Baking & Cooking
RUEG_001_T7,Baking & Cooking
FEIG_005,Snacks
FEIG_005_T12,Snacks
MARC_001,Snacks
MEDJO_015,Dried Fruits & Nuts
MEDJO_016,Dried Fruits & Nuts
AUFSTR_019,Breakfast
AUFSTR_019_T12,Breakfast
ING_008,Breakfast
MUS_137,Nutbutter & Spreads
MUS_137_T6,Nutbutter & Spreads
NUSS_006,Protein Superfood & Supplements
DM_NUSS_006,None
DM_NUSS_006_T8,None
NUSS_006_ADV_25,None
APFEL_011,Dried Fruits & Nuts
AUFSTR_017,Breakfast
AUFSTR_017_T12,Breakfast
SAFT_015,Breakfast
DRINK_015,Baking & Cooking
DRINK_015_T8,Baking & Cooking
NL_MUS_007_ZW,Nutbutter & Spreads
PUDD_001,Baking & Cooking
PUDD_001_T6,Baking & Cooking
COOKIE_002,Snacks
COOKIE_002_T12,Snacks
DK_BURGER_001,Baking & Cooking
DK_BURGER_001_T12,Baking & Cooking
BURGER_001,Baking & Cooking
BURGER_001_T12,Baking & Cooking
FRUPA_003,Snacks
FRUPA_003_T7,Snacks
ARONIA_001,Dried Fruits & Nuts
ARONIA_001_T10,Dried Fruits & Nuts
BLISS_019_T14,Snacks
NL_BLISS_019,Snacks
NL_BLISS_019_T14,Snacks
BLISS_019,Snacks
BLISS_019_T15,Snacks
SPINAT_001,Protein Superfood & Supplements
MAND_009,Snacks
MAND_026,Dried Fruits & Nuts
NUMIX_013,Snacks
CRIS_007,Snacks
DM_PUFF_002,Dried Fruits & Nuts
PUFF_002,Dried Fruits & Nuts
HUELSEN_033,Baking & Cooking
KEKS_015_T5,Snacks
KEKS_015,Snacks
DATT_036,Snacks
SHIRA_012,None
SHIRA_012_T8,None
SHIRA_013,None
SHIRA_013_T8,None
SHIRA_014,None
SHIRA_014_T8,None
SHIRA_002,Baking & Cooking
SHIRA_003,Baking & Cooking
SHIRA_004,Baking & Cooking
SHIRA_005,Baking & Cooking
SHIRA_003_T8,Baking & Cooking
SHIRA_004_T8,Baking & Cooking
SHIRA_002_T8,Baking & Cooking
CRACKER_013,Snacks
CRACKER_013_T6,Snacks
KIWI_002,Dried Fruits & Nuts
OLIVE_011,Nutbutter & Spreads
OLIVE_011_T12,Nutbutter & Spreads
SAFT_014,Breakfast
BLISS_054,None
BLISS_054_T14,None
STUD_007,Dried Fruits & Nuts
QUI_011,Baking & Cooking
QUI_011_T6,Baking & Cooking
RIEGEL_064,Bars
RIEGEL_064_T12,Bars
RIEGEL_064_T12_ZW,Bars
CREME_025,Nutbutter & Spreads
KICH_007,Nutbutter & Spreads
KICH_007_T12,Nutbutter & Spreads
TONKA_001,Baking & Cooking
TORTEL_008,Baking & Cooking
TORTEL_008_T12,Baking & Cooking
BLISS_053,None
BLISS_053_T14,None
PORRIDGE_001,Breakfast
AGAR_001,Baking & Cooking
PROTEIN_062,Bars
PROTEIN_062_T12,Bars
ERDSCHA_003,Snacks
BLISS_015_T14,Snacks
BLISS_015,Snacks
INFLU_001_T10,Snacks
ERD_013,Snacks
INFLU_001,Snacks
REIS_003_T2,Baking & Cooking
BAS_004,Baking & Cooking
REIS_003,Baking & Cooking
REIS_004,Baking & Cooking
SPI_004,Protein Superfood & Supplements
REIS_011,Baking & Cooking
SPI_004_T12,Protein Superfood & Supplements
BREZ_009_T4,Snacks
MUS_125_T6,Nutbutter & Spreads
MUS_125,Nutbutter & Spreads
NUDEL_007,Baking & Cooking
MAIS_018,Breakfast
SIR_002,Baking & Cooking
SIR_002_T6,Baking & Cooking
CUPS_019,None
CUPS_019_T12,None
AUFSTR_037,Nutbutter & Spreads
AUFSTR_037_T12,Nutbutter & Spreads
AUFSTR_037_T6,Nutbutter & Spreads
MUS_093,Nutbutter & Spreads
MUS_093_T12,Nutbutter & Spreads
NUDEL_014_T10,Baking & Cooking
NUDEL_014,Baking & Cooking
NUDEL_014_T12,Baking & Cooking
SUPPE_003,Baking & Cooking
SUPPE_003_T6,Baking & Cooking
AUFSTR_020,Breakfast
AUFSTR_020_T12,Breakfast
MACA_013_T38,Dried Fruits & Nuts
MACA_001,Dried Fruits & Nuts
MACA_012,Dried Fruits & Nuts
MACA_013,Dried Fruits & Nuts
MUS_075,Nutbutter & Spreads
MUS_075_T12,Nutbutter & Spreads
COU_001,Baking & Cooking
CRANBE_001,Dried Fruits & Nuts
PESTO_014,Baking & Cooking
PESTO_014_T6,Baking & Cooking
REIS_022,None
REIS_022_T12,None
REIS_008,Baking & Cooking
PEKAN_008,Dried Fruits & Nuts
CREME_024,Nutbutter & Spreads
CREME_024_T6,Nutbutter & Spreads
PISTAZ_003,Dried Fruits & Nuts
CRACKER_008,Snacks
KEKS_008,Snacks
KEKS_008_T12,Snacks
OEL_027,Baking & Cooking
OEL_027_T6,Baking & Cooking
MARK_003,Breakfast
MARK_003_T6,Breakfast
SCHOKO_012,Snacks
SCHOKO_012_T5,Snacks
MAULB_011,Breakfast
BUCH_004,Breakfast
BUCH_004_T6,Breakfast
CRIS_010,Breakfast
PFLAU_003,Snacks
KOKOS_036,Baking & Cooking
KOKOS_036_T6,Baking & Cooking
MUS_021_B2,None
MUS_021_M2,Nutbutter & Spreads
FLIPS_009,Snacks
FLIPS_009_T15,Snacks
CHUT_001,Baking & Cooking
CHUT_001_T4,Baking & Cooking
ERD_015,Snacks
PROB_002,Protein Superfood & Supplements
MUS_060_ADV_24_C,Nutbutter & Spreads
AUFSTR_006,Nutbutter & Spreads
AUFSTR_006_T6,Nutbutter & Spreads
CREME_008_T6,Nutbutter & Spreads
CREME_008,Nutbutter & Spreads
BRUEHE_002,Baking & Cooking
BRUEHE_002_T6,Baking & Cooking
ESSIG_003,Baking & Cooking
ESSIG_003_T12,Baking & Cooking
AUFSTR_034,Nutbutter & Spreads
AUFSTR_034_T12,Nutbutter & Spreads
AUFSTR_034_T6,Nutbutter & Spreads
DM_GRANOLA_004,Breakfast
BOHNE_008,Protein Superfood & Supplements
ABO_020_ZW,None
ABO_020,None
KOKOS_040,Baking & Cooking
KOKOS_040_T12,Baking & Cooking
AMA_003_T12,Baking & Cooking
AMA_003,Baking & Cooking
CREME_017,Nutbutter & Spreads
CREME_017_T6,Nutbutter & Spreads
CREME_017_ADV_24_C,None
NL_CREME_017,None
NL_CREME_017_T6,None
HEID_011,Snacks
NUDEL_003,Baking & Cooking
REIS_009,Baking & Cooking
CUPS_018,Snacks
CUPS_018_T12,Snacks
CRACKER_006,Snacks
KAKAO_001_B2,None
KAKAO_001_M2,Breakfast
KAKAO_001,Breakfast
FLIPS_007,Snacks
FLIPS_007_T15,Snacks
MAND_011,Snacks
RIEGEL_072,None
RIEGEL_072_T15,None
CUPS_003,None
CUPS_003_T14,None
COOKIE_018,Snacks
COOKIE_018_T12,Snacks
NL_COOKIE_018,None
NL_COOKIE_018_T12,None
REIS_016,Baking & Cooking
MUS_016,Nutbutter & Spreads
MUS_016_T12,Nutbutter & Spreads
HASEL_007,Snacks
HASEL_007_T14,Snacks
MEHL_014,Baking & Cooking
IT_RIEGEL_037,Bars
IT_RIEGEL_037_T6,Bars
DATT_001,Dried Fruits & Nuts
RIEGEL_037,Bars
RIEGEL_037_T12,Bars
KOKOS_046,Baking & Cooking
KOKOS_046_T6,Baking & Cooking
BLISS_052,Snacks
BLISS_052_T14,Snacks
FLIPS_011,Snacks
FLIPS_011_T15,Snacks
ACE_001,Protein Superfood & Supplements
SAUCE_014,Baking & Cooking
SAUCE_014_T6,Baking & Cooking
NUMIX_004,Snacks
REISW_005_T12,Snacks
REISW_005,Snacks
SUPPE_001,Baking & Cooking
SUPPE_001_T6,Baking & Cooking
RIEGEL_058,Bars
RIEGEL_058_T24,Bars
KEKS_002,Snacks
KEKS_002_T12,Snacks
SHIRA_001,Baking & Cooking
SHIRA_001_T9,Baking & Cooking
KASE_001,Snacks
ERDNUSS_005,Dried Fruits & Nuts
ERDNUSS_005_T10,Dried Fruits & Nuts
PROTEIN_051,Bars
PROTEIN_051_T12,Bars
PROTEIN_051_ZW,Bars
PROTEIN_051_ZW-T12,Bars
NL_PROTEIN_051,None
NL_PROTEIN_051_T12,None
FLOCKMIX_001_T4,Breakfast
FLOCKMIX_001,Breakfast
AUFSTR_038,Nutbutter & Spreads
AUFSTR_038_T12,Nutbutter & Spreads
NL_AUFSTR_038,Nutbutter & Spreads
NL_AUFSTR_038_T12,Nutbutter & Spreads
AUFSTR_038_T6,Nutbutter & Spreads
WAFFEL_001,Snacks
WAFFEL_001_T10,Snacks
BIR_001,Dried Fruits & Nuts
BIR_001_T10,Dried Fruits & Nuts
NUDEL_004,Baking & Cooking
NL_MUS_007,Nutbutter & Spreads
NL_MUS_007_T6,Nutbutter & Spreads
MUS_149,None
MUS_149_T6,None
PULVER_007,Dried Fruits & Nuts
SAFT_009,Breakfast
ERBSE_003,Baking & Cooking
ERBSE_003_T12,Baking & Cooking
MANG_007,Dried Fruits & Nuts
MANG_007_T10,Dried Fruits & Nuts
HUELSEN_040,Baking & Cooking
HUELSEN_040_T12,Baking & Cooking
PESTO_016,Baking & Cooking
KOMBU_002,Baking & Cooking
KOMBU_002_T6,Baking & Cooking
KEKS_010_T12,Snacks
KEKS_014,Snacks
KEKS_014_T12,Snacks
KEKS_010,Snacks
SAND_002,Dried Fruits & Nuts
SAND_002_T10,Dried Fruits & Nuts
NUMIX_011,Snacks
PULVER_004,Dried Fruits & Nuts
AUFSTR_025,Nutbutter & Spreads
AUFSTR_025_T8,Nutbutter & Spreads
VPARM_001,Baking & Cooking
KICH_002,Snacks
PROTEIN_023,Bars
PROTEIN_023_T12,Bars
SAUCE_003,Baking & Cooking
SAUCE_003_T6,Baking & Cooking
ERDNUSS_024,Dried Fruits & Nuts
ERDNUSS_024_T5,Dried Fruits & Nuts
JACK_001,Dried Fruits & Nuts
JACK_001_T12,Dried Fruits & Nuts
CASHEW_015,Dried Fruits & Nuts
CASHEW_015_T20,Dried Fruits & Nuts
CASHEW_015_T18,Dried Fruits & Nuts
KOKOS_027,Snacks
PINI_007,Dried Fruits & Nuts
PEKAN_003,Dried Fruits & Nuts
PINI_005,Dried Fruits & Nuts
RIEGEL_059,Bars
RIEGEL_059_T24,Bars
MAISE_001,Snacks
MAISE_001_T8,Snacks
FEIG_010,Snacks
DATT_028,Baking & Cooking
DATT_028_T6,Baking & Cooking
MUS_129,Nutbutter & Spreads
MUS_129_T6,Nutbutter & Spreads
FEIG_003,Dried Fruits & Nuts
KRAUT_003,Baking & Cooking
SAFT_023,Breakfast
SAFT_023_T6,Breakfast
SAUCE_013,Baking & Cooking
SAUCE_013_T6,Baking & Cooking
RIEGEL_057,Bars
RIEGEL_057_T24,Bars
RIEGEL_065,Bars
RIEGEL_065_T12,Bars
QUI_010,Baking & Cooking
SON_006,Dried Fruits & Nuts
SCHOKO_043,Baking & Cooking
SCHOKO_043_T6,Baking & Cooking
HEID_012,None
DATT_038,Baking & Cooking
DATT_038_T12,Baking & Cooking
PULVER_013,Dried Fruits & Nuts
TOFU_005_T8,Baking & Cooking
TOFU_005,Baking & Cooking
TOFU_005_T6,Baking & Cooking
ZUCKER_005,Baking & Cooking
MUS_058_ZW,Nutbutter & Spreads
MUS_130_ADV_24_C,Protein Superfood & Supplements
IT_MUS_058,None
IT_MUS_058_T6,None
GRANOLA_005,Breakfast
CRACKER_007,Snacks
MAND_006,Dried Fruits & Nuts
CEREAL_001,Breakfast
CEREAL_001_T8,Breakfast
DM_CEREAL_001,Breakfast
CEREAL_001_ADV_24_C,Breakfast
COOKIE_019,None
COOKIE_019_T12,None
DK_TOFU_005,Baking & Cooking
DK_TOFU_005_T6,Baking & Cooking
GEWUERZ_025_T18,Baking & Cooking
ING_005,Breakfast
ING_005_T12,Breakfast
GEWUERZ_025,Baking & Cooking
CASCU_001_T10,Dried Fruits & Nuts
APFEL_004,Snacks
SAFT_005,Breakfast
SAFT_005_T6,Breakfast
CASHEW_003_ZW,Dried Fruits & Nuts
CASHEW_003_T16,Dried Fruits & Nuts
CASHEW_002,Dried Fruits & Nuts
CASHEW_003,Dried Fruits & Nuts
CASHEW_010,Dried Fruits & Nuts
EINKORN_001,Snacks
EINKORN_001_T8,Snacks
CHIPS_007_T8,Snacks
CHIPS_007_ZW,Snacks
CHIPS_007_T7,Snacks
CHIPS_007,Snacks
CHIPS_007_T16,Snacks
AUFSTR_004,Nutbutter & Spreads
AUFSTR_004_T12,Nutbutter & Spreads
MAND_012_T22,Snacks
MAND_012,Snacks
MAIS_005_ADV_25,None
MAYO_004,Baking & Cooking
MAYO_004_T6,Baking & Cooking
CHILI_001,Baking & Cooking
KOKOS_004,Baking & Cooking
KOKOS_004_T6,Baking & Cooking
AUFSTR_027,Nutbutter & Spreads
AUFSTR_027_T6,Nutbutter & Spreads
AUFSTR_036,Nutbutter & Spreads
AUFSTR_036_T12,Nutbutter & Spreads
AUFSTR_036_T6,Nutbutter & Spreads
ERDNUSS_011_T9,Snacks
CUPS_020,None
CUPS_020_T12,None
SCHOKO_011,Snacks
SCHOKO_011_T5,Snacks
KAFFEE_020,Breakfast
PISTAZ_008,Snacks
PISTAZ_008_T10,Snacks
PISTAZ_008_ADV_24_V,Snacks
BLISS_007_T14,Snacks
RIEGEL_001_ZW,Bars
RIEGEL_001,Bars
RIEGEL_001_T12,Bars
BLISS_007,Snacks
SAUCE_007,Baking & Cooking
SAUCE_007_T6,Baking & Cooking
CREME_020,Nutbutter & Spreads
CREME_020_T12,Nutbutter & Spreads
FR_CREME_031,None
FR_CREME_031_T12,None
GRANOLA_003_T10,Breakfast
GRANOLA_003_ADV_24_C,Breakfast
GRANOLA_003,Breakfast
HASELN_001,Dried Fruits & Nuts
RUEG_002,Baking & Cooking
RUEG_002_T7,Baking & Cooking
SOJA_018,Baking & Cooking
DM_CASOLI_001,Snacks
CASOLI_001_ADV_24_C,Snacks
DM_CASOLI_001_T9,Snacks
DM_CASOLI_001_T7,Snacks
CASOLI_001,Snacks
MAYO_003,Baking & Cooking
MAYO_003_T6,Baking & Cooking
KOKOS_001_T20,Baking & Cooking
KOKOS_001,Baking & Cooking
APFEL_007,Dried Fruits & Nuts
BULG_002,Baking & Cooking
KAUGU_001,Snacks
BREZ_003,Snacks
BREZ_003_T12,Snacks
MUS_064,Nutbutter & Spreads
MUS_064_T6,Nutbutter & Spreads
ZWETSCH_001,Breakfast
ZWETSCH_001_T4,Breakfast
BLISS_047,None
BLISS_047_T14,None
DM_MANG_003,Dried Fruits & Nuts
DM_MANG_003_T55,Dried Fruits & Nuts
BOHNE_027,Baking & Cooking
BOHNE_027_T6,Baking & Cooking
MUS_052_ZW,Nutbutter & Spreads
MUS_052,Nutbutter & Spreads
MUS_052_T6,Nutbutter & Spreads
BULK_016,Snacks
WEIGR_001,Protein Superfood & Supplements
BUGRUE_001,Breakfast
REIS_006,Baking & Cooking
ADV_23_V,Other
COOKIE_009_T12,Snacks
HIM_009,Snacks
HIM_009_T3,Snacks
COOKIE_009,Snacks
KOKOS_015,Breakfast
ERDNUSS_028,Snacks
MAIS_005,Snacks
CRIS_014,Snacks
SESAM_004,None
SESAM_001,Baking & Cooking
ERDNUSS_002,Dried Fruits & Nuts
ERDNUSS_002_T10,Dried Fruits & Nuts
PORRIDGE_009,Breakfast
PROTEIN_037_ZW,Protein Superfood & Supplements
PORRIDGE_009_T6,Breakfast
HAFER_013,Breakfast
HAFER_013_T6,Breakfast
FLIPS_005,Snacks
FLIPS_005_T15,Snacks
PEKAN_016,Dried Fruits & Nuts
MUESLI_010,Breakfast
KOKOS_039_ZW,Breakfast
KOKOS_039,Breakfast
KOKOS_039_T6,Breakfast
BACKMI_003,Baking & Cooking
BACKMI_003_T6,Baking & Cooking
VAN_005,Baking & Cooking
DM_PUFF_001,Dried Fruits & Nuts
LUPI_001,Breakfast
PUFF_001,Dried Fruits & Nuts
LUPI_007,Breakfast
ABO_094,Snacks
AUFSTR_032,Breakfast
AUFSTR_032_T10,Breakfast
OEL_039,Baking & Cooking
OEL_040,Baking & Cooking
OEL_039_T6,Baking & Cooking
OEL_040_T6,Baking & Cooking
PORRIDGE_005,Breakfast
CRIS_004_T9,Breakfast
PAPAYA_003,Dried Fruits & Nuts
MEHL_011,Baking & Cooking
CRIS_004,Breakfast
DINKEL_003,Breakfast
BAOBAB_001,Protein Superfood & Supplements
ROTEB_001,Protein Superfood & Supplements
TOFU_004_T10,Baking & Cooking
TOFU_004_T6,Baking & Cooking
TOFU_004,Baking & Cooking
SCHOKO_027,Snacks
POP_002,Snacks
POP_002_T10,Snacks
NUMIX_008,Snacks
BLISS_002_T14,Snacks
BLISS_002,Snacks
BREZ_001,Snacks
BREZ_001_T14,Snacks
SCHOKO_001,Baking & Cooking
FRUPA_001,Snacks
FRUPA_001_T7,Snacks
CRANBE_008,Dried Fruits & Nuts
FLOH_003,Protein Superfood & Supplements
DIP_001,Baking & Cooking
DIP_001_T12,Baking & Cooking
DIP_001_T6,Baking & Cooking
RIEGEL_007,Bars
RIEGEL_007_T12,Bars
PAPRI_001,Snacks
CUPS_001,Snacks
CUPS_001_T14,Snacks
CASHEW_008,Snacks
CASHEW_008_T12,Snacks
HAGE_002,Protein Superfood & Supplements
HAGE_002_T4,Protein Superfood & Supplements
OEL_031,Baking & Cooking
OEL_031_T6,Baking & Cooking
MUS_006_B2,None
MUS_006_M2,Nutbutter & Spreads
NL_MUS_006,Nutbutter & Spreads
NL_MUS_006_T6,Nutbutter & Spreads
MUS_103,Nutbutter & Spreads
WILD_001,Dried Fruits & Nuts
MUS_134,Nutbutter & Spreads
MUS_134_T6,Nutbutter & Spreads
MAND_001_T12,Dried Fruits & Nuts
MAND_001,Dried Fruits & Nuts
TOFU_009,Baking & Cooking
TOFU_009_T6,Baking & Cooking
NUMIX_012,Snacks
DM_PUFF_003,Dried Fruits & Nuts
DM_PUFF_009,Dried Fruits & Nuts
BITE_002,Snacks
BITE_002_T12,Snacks
DM_PUFF_003_T140,Dried Fruits & Nuts
DM_PUFF_009_T140,Dried Fruits & Nuts
PUFF_009,Dried Fruits & Nuts
NL_MUS_005,Nutbutter & Spreads
NL_MUS_005_T6,Nutbutter & Spreads
MUS_005,Nutbutter & Spreads
MUS_005_T6,Nutbutter & Spreads
MUS_119,Nutbutter & Spreads
MUS_119_T6,Nutbutter & Spreads
BLISS_049,Snacks
BLISS_049_T14,Snacks
LEBK_001,Snacks
LEBK_001_T12,Snacks
WURST_003,Baking & Cooking
WURST_003_T10,Baking & Cooking
MUS_053,Nutbutter & Spreads
MUS_053_T6,Nutbutter & Spreads
MAYO_001,Baking & Cooking
MAYO_001_T6,Baking & Cooking
PROTEIN_052_ZW_T12,Bars
PROTEIN_052,Bars
PROTEIN_052_T12,Bars
PROTEIN_052_ZW,Bars
PBITE_002,None
PBITE_002_T12,None
KOKOS_044,Snacks
HONI_001,Dried Fruits & Nuts
ING_001,Dried Fruits & Nuts
TAPI_002,Baking & Cooking
MUS_127_ADV_25,None
MUS_117,Nutbutter & Spreads
MUS_117_T6,Nutbutter & Spreads
ERBSE_007,Snacks
SIR_001,Baking & Cooking
SIR_001_T6,Baking & Cooking
DINKEL_005_T4,Breakfast
DINKEL_004_T4,Breakfast
DINKEL_004,Breakfast
DINKEL_005,Breakfast
MAND_024,Baking & Cooking
PISTAZ_004,Dried Fruits & Nuts
CRACKER_024,Snacks
CRACKER_024_T6,Snacks
CRACKER_026,Snacks
CRACKER_026_T6,Snacks
CRACKER_028,Snacks
CRACKER_028_T6,Snacks
DATNU_003,Snacks
SCHOKO_033,Snacks
ERDMAND_001,Baking & Cooking
MAND_014,Snacks
SAFT_021,Breakfast
SAFT_021_T6,Breakfast
RIEGEL_003,Bars
RIEGEL_003_T12,Bars
RIEGEL_005,Bars
RIEGEL_005_T12,Bars
SAUERK_003,Dried Fruits & Nuts